Experimenting with #Acosta #Acosta's #Acropolis #Acrux #Acrux's #Actaeon #Acton #Acts #Acuff #Acuff's #Ada #Ada's #Adam #Adam's #Adams #Adan #Adan's #Adana #Adar #Adar's #Addams #Adderley #Adderley's #Addie #Addie's #Addison #Adela #Adela's #Adelaide  #feedmyfavourites