Experimenting with #Alpheratz's #Alphonse #Alphonse's #Alphonso #Alphonso's #Alpine #Alpo #Alpo's #Alps #Alps's #Alsace #Alsace's #Alsatian #Alsatian's #Alsop #Alsop's #Alston #Alston's #Alta #Altai #Altai's #Altaic #Altaic's #Altair #Altamira #Althea #Althea's  #feedmyfavourites