Experimenting with #Aruba #Aruba's #Aryan #Aryan's #Aryans #As #Asama #Asama's #Ascella #Ascella's #Asgard #Ashanti #Ashcroft #Ashe #Ashikaga #Ashikaga's #Ashkenazim #Ashkhabad #Ashkhabad's #Ashlee #Ashlee's #Ashley #Ashley's #Ashmolean #Ashmolean's  #feedmyfavourites