Experimenting with #Avernus #Averroes #Avery #Avery's #Avesta #Avesta's #Avicenna #Avignon #Avila #Avila's #Avior #Avior's #Avis #Avogadro #Avon #Axum #Ayala #Ayala's #Ayers #Aymara #Ayrshire #Ayrshire's #Ayurveda #Ayyubid #Ayyubid's #Azana #Azana's #Azania  #feedmyfavourites