Experimenting with #Bahamians #Bahia #Bahrain #Bahrain's #Baikal #Bailey #Bailey's #Baird #Bakelite #Bakelite's #Baker #Bakersfield #Baku #Baku's #Bakunin #Balanchine #Balaton #Balboa #Balder #Balder's #Baldwin #Baldwin's #Balearic #Balearic's #Balfour #Bali  #feedmyfavourites