Experimenting with #Bali's #Balinese #Balinese's #Balkan #Balkans #Balkhash #Ball #Ballard #Ballard's #Balthazar #Baltic #Baltic's #Baltimore #Baltimore's #Baluchistan #Balzac #Balzac's #Bamako #Bamako's #Bambi #Bambi's #Banach #Banach's #Bancroft #Bancroft's  #feedmyfavourites