Experimenting with #Barry #Barrymore #Bart #Barth #Bartholdi #Bartholdi's #Bartholomew #Bartlett #Barton #Bartók #Baruch #Baryshnikov #Basel #Basel's #Basho #Basho's #Basie #Basil #Basque #Basque's #Basques #Basra #Bass #Bass's #Basseterre #Basseterre's  #feedmyfavourites