Experimenting with #Clydesdale #Clydesdale's #Clytemnestra #Cm #Cm's #Co #Co's #Cobain #Cobain's #Cobb #Cochabamba #Cochin #Cochise #Cochran #Cochran's #Cockney #Cockney's #Cocteau #Cody #Coffey #Coffey's #Cognac #Cognac's #Cohan #Cohen #Coimbatore #Cointreau  #feedmyfavourites