Experimenting with #Costello's #Costner #Costner's #Cote #Cote's #Cotonou #Cotopaxi #Cotopaxi's #Cotswold #Cotswold's #Cotton #Cotton's #Coulomb #Coulter #Coulter's #Couperin #Courbet #Courtney #Courtney's #Cousteau #Coventries #Coventry #Coventry's #Coward  #feedmyfavourites