Experimenting with #Cowley #Cowper #Cox #Coy #Coy's #Cozumel #Cozumel's #Cr #Cr's #Crabbe #Craft #Craft's #Craig #Cranach #Crane #Cranmer #Crater #Crater's #Crawford #Crawford's #Cray #Cray's #Crayola #Crayola's #Creation #Creation's #Creator #Creator's #Crecy  #feedmyfavourites