Experimenting with #Dakota's #Dakotan #Dakotas #Dale #Daley #Daley's #Dali #Dalian #Dalian's #Dallas #Dallas's #Dalmatian #Dalmatian's #Dalmatians #Dalton #Dalton's #Damascus #Damascus's #Damian #Damian's #Damien #Damion #Damion's #Damocles #Damon #Damon's #Dan  #feedmyfavourites