Experimenting with #Daryl's #Daugherty #Daugherty's #Daumier #Davao #Dave #Dave's #Davenport #David #David's #Davids #Davidson #Davidson's #Davies #Davis #Davy #Dawes #Dawn #Dawn's #Dawson #Day #Dayton #DeGeneres #DeGeneres's #Deadhead #Deadhead's #Dean #Deana  #feedmyfavourites