Experimenting with #Donner #Donner's #Donnie #Donnie's #Donny #Donny's #Donovan #Donovan's #Dooley #Dooley's #Doolittle #Doonesbury #Doonesbury's #Doppler #Dora #Dora's #Dorcas #Doreen #Doreen's #Dorian #Dorian's #Doric #Doric's #Doris #Doris's #Doritos  #feedmyfavourites