Experimenting with #Douglas #Douglass #Douro #Dover #Dover's #Dow #Downs #Downy #Downy's #Doyle #Dr #Draco #Draco's #Draconian #Dracula #Dracula's #Drake #Dramamine #Dramamine's #Drambuie #Drano #Drano's #Dravidian #Dravidian's #Dreiser #Dresden #Dresden's  #feedmyfavourites