Experimenting with #Drew #Drew's #Dreyfus #Dreyfus's #Dristan #Dristan's #Drudge #Drudge's #Druid #Dryden #Dschubba #Dschubba's #DuPont #Duane #Duane's #Dubai #Dubcek #Dubcek's #Dubhe #Dubhe's #Dublin #Dublin's #Dubrovnik #Dubrovnik's #Duchamp #Dudley #Duffy  #feedmyfavourites