Experimenting with #Duran's #Durant #Durante #Durante's #Durban #Durex #Durex's #Durham #Durham's #Durhams #Durkheim #Duroc #Durocher #Durocher's #Duse #Duse's #Dushanbe #Dushanbe's #Dustbuster #Dustbuster's #Dustin #Dustin's #Dusty #Dusty's #Dutch #Dutch's  #feedmyfavourites