Experimenting with #Eminem #Eminem's #Emma #Emma's #Emmanuel #Emmett #Emmett's #Emmy #Emory #Emory's #Encarta #Encarta's #Endymion #Eng #Engels #Engels's #England #England's #English #English's #Englisher #Englishes #Englishman #Englishman's #Englishmen  #feedmyfavourites