Experimenting with #Hanson #Hanson's #Hanukkah #Hanukkah's #Hanukkahs #Hapsburg #Hapsburg's #Harare #Harare's #Harbin #Hardin #Hardin's #Harding #Harding's #Hardy #Hargreaves #Harlan #Harlan's #Harlem #Harlem's #Harlequin #Harley #Harlow #Harmon #Harmon's  #feedmyfavourites