Experimenting with #Hartline #Hartline's #Hartman #Hartman's #Harvard #Harvard's #Harvey #Hasbro #Hasbro's #Hasidim #Hastings #Hastings's #Hatfield #Hathaway #Hatsheput #Hatsheput's #Hatteras #Hattie #Hattie's #Hauptmann #Hausa #Hausa's #Hausdorff #Hausdorff's  #feedmyfavourites