Experimenting with #Havana #Havana's #Havanas #Havarti #Havel #Havoline #Havoline's #Hawaii #Hawaii's #Hawaiian #Hawaiian's #Hawaiians #Hawking #Hawkins #Hawthorne #Hay #Hay's #Hayden #Hayden's #Haydn #Haydn's #Hayes #Hayes's #Haynes #Hays #Haywood #Haywood's  #feedmyfavourites