Experimenting with #Hittite #Hittite's #Hmong #Ho #Ho's #Hobart #Hobart's #Hobbes #Hobbs #Hockney #Hockney's #Hodge #Hodge's #Hodges #Hodgkin #Hoff #Hoff's #Hoffa #Hoffa's #Hoffman #Hoffman's #Hofstadter #Hofstadter's #Hogan #Hogan's #Hogarth #Hogwarts  #feedmyfavourites