Experimenting with #Hooters #Hooters's #Hoover #Hoover's #Hoovers #Hope #Hopewell #Hopewell's #Hopi #Hopi's #Hopkins #Hopper #Horace #Horacio #Horacio's #Horatio #Horatio's #Hormel #Hormel's #Hormuz #Horn #Hornblower #Hornblower's #Horne #Horne's #Horowitz  #feedmyfavourites