Experimenting with #Horthy #Horton #Horton's #Horus #Horus's #Hosea #Hosea's #Hotpoint #Hotpoint's #Hottentot #Hottentot's #Houdini #House #Housman #Houston #Houston's #Houyhnhnm #Houyhnhnm's #Hovhaness #Hovhaness's #Howard #Howe #Howell #Howell's #Howells  #feedmyfavourites