Experimenting with #IRS's #IV's #Iaccoca #Iaccoca's #Iago #Iago's #Ian #Ian's #Iapetus #Iapetus's #Ibadan #Iberia #Iberia's #Iberian #Ibiza #Iblis #Iblis's #Ibo #Ibsen #Ibsen's #Icahn #Icahn's #Icarus #Icarus's #Iceland #Iceland's #Icelander #Icelander's  #feedmyfavourites