Experimenting with #It #Itaipu #Itaipu's #Italian #Italian's #Italians #Italy #Italy's #Itasca #Itasca's #Ithaca #Ithacan #Ito #Iva #Iva's #Ivan #Ivanhoe #Ivanhoe's #Ives #Ivory #Ivory's #Ivy #Iyar #Iyar's #Izaak #Izaak's #Izanagi #Izanagi's #Izanami #Izanami's  #feedmyfavourites