Experimenting with #Josephson's #Josephus #Josh #Joshua #Joshua's #Josiah #Josie #Josie's #Josue #Josue's #Joule #Jove #Jove's #Jovian #Joy #Joy's #Joyce #Joycean #Joyner #Joyner's #Jr #Jr's #Juan #Juan's #Juana #Juana's #Juanita #Juanita's #Juarez #Juarez's  #feedmyfavourites