Experimenting with #Kaunas #Kaunas's #Kaunda #Kaunda's #Kawabata #Kawabata's #Kawasaki #Kay #Kaye #Kaye's #Kayla #Kayla's #Kazakh #Kazakh's #Kazakhstan #Kazakhstan's #Kazan #Kazan's #Kazantzakis #Keaton #Keaton's #Keats #Keck #Keck's #Keenan #Keenan's #Keewatin  #feedmyfavourites