Experimenting with #Kenyan's #Kenyans #Kenyatta #Kenyon #Kenyon's #Keogh #Keogh's #Keokuk #Keokuk's #Kepler #Kepler's #Kerensky #Kerensky's #Keri #Keri's #Kermit #Kermit's #Kern #Kerouac #Kerr #Kerri #Kerri's #Kerry #Kettering #Keven #Keven's #Kevin #Kevin's  #feedmyfavourites