Experimenting with #Landry #Landry's #Landsat #Landsteiner #Landsteiner's #Lane #Lane's #Lang #Langerhans #Langerhans's #Langland #Langley #Langmuir #Lanny #Lanny's #Lansing #Lansing's #Lanzhou #Lanzhou's #Lao #Lao's #Laocoon #Laocoon's #Laos #Laotian  #feedmyfavourites