Experimenting with #Laotian's #Laotians #Laplace #Lapland #Lapland's #Lapp #Lapp's #Lapps #Lara #Lara's #Laramie #Laramie's #Lardner #Lardner's #Laredo #Larousse #Larry #Larry's #Lars #Larsen #Larsen's #Larson #Larson's #Lascaux #Lascaux's #Lassa #Lassa's  #feedmyfavourites