Experimenting with #McGovern #McGovern's #McGowan #McGowan's #McGuffey #McGuffey's #McGuire #McGuire's #McIntosh #McIntosh's #McIntyre #McIntyre's #McKay #McKay's #McKee #McKee's #McKenzie #McKenzie's #McKinley #McKinley's #McKinney #McKinney's #McKnight  #feedmyfavourites