Experimenting with #Midway #Midway's #Midwest #Midwest's #Midwestern #Miguel #Miguel's #Mike #Mike's #Mikhail #Mikhail's #Mikoyan #Mikoyan's #Milagros #Milagros's #Milan #Milan's #Mildred #Mildred's #Miles #Milford #Milford's #Milken #Milken's #Mill #Millard  #feedmyfavourites