Experimenting with #Mulligan #Mulligan's #Mullikan #Mullikan's #Mullins #Mulroney #Mulroney's #Multan #Mumbai #Mumbai's #Mumford #Munch #Munich #Munich's #Munoz #Munoz's #Munro #Muppet #Muppet's #Murasaki #Murasaki's #Murat #Murchison #Murchison's #Murdoch  #feedmyfavourites