Experimenting with #Orion's #Oriya #Oriya's #Orizaba #Orizaba's #Orkney #Orkney's #Orlando #Orlando's #Orleans #Orleans's #Orlon #Orlon's #Orlons #Orly #Orly's #Orpheus #Orpheus's #Orphic #Orr #Orr's #Ortega #Ortega's #Ortiz #Ortiz's #Orval #Orval's #Orville  #feedmyfavourites