Experimenting with #Ostrogoth #Ostrogoth's #Ostwald #Osvaldo #Osvaldo's #Oswald #Othello #Othello's #Otis #Otis's #Ottawa #Ottawa's #Ottawas #Otto #Ottoman #Ouagadougou #Ouija #Ouija's #Ovid #Owen #Owens #Oxford #Oxford's #Oxfords #Oxnard #Oxonian #Oxonian's  #feedmyfavourites