Experimenting with #Pygmy #Pygmy's #Pyle #Pyle's #Pym #Pynchon #Pynchon's #Pyongyang #Pyongyang's #Pyotr #Pyotr's #Pyrenees #Pyrenees's #Pyrex #Pyrex's #Pyrexes #Pyrrhic #Pythagoras #Pythagoras's #Pythagorean #Pythias #Python #Python's #Pétain #Pétain's #Pôrto  #feedmyfavourites