Experimenting with #Rusty's #Rutan #Rutan's #Rutgers #Ruth #Ruth's #Rutherford #Ruthie #Ruthie's #Rutledge #Rutledge's #Rwanda #Rwanda's #Rwandan #Rwandan's #Rwandans #Rwandas #Rx #Ryan #Ryan's #Rydberg #Rydberg's #Ryder #Ryukyu #Ryukyu's #S #S's #SALT's #SAM's  #feedmyfavourites