Experimenting with #Samoa's #Samoan #Samoan's #Samoset #Samoset's #Samoyed #Samoyed's #Sampson #Sampson's #Samson #Samsonite #Samsonite's #Samsung #Samsung's #Samuel #Samuelson #Samuelson's #San #Sana #Sana's #Sanchez #Sanchez's #Sancho #Sancho's #Sand  #feedmyfavourites