Experimenting with #Saratov's #Sarawak #Sarawak's #Sardinia #Sardinia's #Sargasso #Sargasso's #Sargent #Sargon #Sargon's #Sarnoff #Sarnoff's #Saroyan #Saroyan's #Sarto #Sartre #Sasha #Sasha's #Saskatchewan #Saskatchewan's #Saskatoon #Saskatoon's #Sasquatch  #feedmyfavourites