Experimenting with #Seagram's #Sean #Sean's #Sears #Sears's #Seattle #Seattle's #Sebastian #Sebastian's #Sec #Seconal #Seconal's #Secretariat #Secretariat's #Secretary #Seder #Seder's #Seders #Sedna #Sedna's #Seebeck #Seebeck's #Sega #Sega's #Segovia #Segovia's  #feedmyfavourites