Experimenting with #Set #Set's #Seth #Seth's #Seton #Seurat #Seuss #Sevastopol #Sevastopol's #Severn #Severus #Seville #Seville's #Seward #Sextans #Sexton #Sexton's #Seychelles #Seychelles's #Seyfert #Seymour #Seymour's #Sgt #Shackleton #Shaffer #Shaffer's  #feedmyfavourites