Experimenting with #Small's #Smetana #Smirnoff #Smirnoff's #Smith #Smithson #Smithsonian #Smithsonian's #Smokey #Smokey's #Smolensk #Smollett #Smuts #Sn #Sn's #Snake #Snake's #Snapple #Snapple's #Snead #Snead's #Snell #Snell's #Snickers #Snickers's #Snider  #feedmyfavourites