Experimenting with #Sontag's #Sony #Sony's #Sonya #Sonya's #Sophia #Sophie #Sophie's #Sophoclean #Sophocles #Sopwith #Sopwith's #Sorbonne #Sorbonne's #Sosa #Sosa's #Soto #Soto's #Souphanouvong #Souphanouvong's #Sousa #Sousa's #South #South's #Southampton  #feedmyfavourites