Experimenting with #Streisand #Streisand's #Strickland #Strickland's #Strindberg #Stromboli #Strong #Strong's #Stu #Stu's #Stuart #Stuart's #Stuarts #Studebaker #Studebaker's #Stuttgart #Stuttgart's #Stuyvesant #Stygian #Styrofoam #Styrofoam's #Styrofoams  #feedmyfavourites