Experimenting with #Suharto #Suharto's #Sui #Sui's #Sukarno #Sukkot #Sukkoth #Sukkoth's #Sukkoths #Sulawesi #Sulawesi's #Suleiman #Suleiman's #Sulla #Sulla's #Sullivan #Sullivan's #Sumatra #Sumatra's #Sumeria #Sumeria's #Sumerian #Sumerian's #Summer #Summer's  #feedmyfavourites