Experimenting with #Toledos #Tolkien #Tolstoy #Tolstoy's #Toltec #Tolyatti #Tolyatti's #Tom #Tom's #Tomas #Tombaugh #Tombaugh's #Tomlin #Tomlin's #Tommie #Tommie's #Tommy #Tompkins #Tompkins's #Tomsk #Tonga #Tonga's #Tongan #Tongan's #Tongans #Toni #Toni's  #feedmyfavourites