Experimenting with #Voyager #Voyager's #Vuitton #Vuitton's #Vulcan #Vulcan's #Vulgate #Vulgate's #Vulgates #W #W's #WASP's #WATS's #WHO's #WWW's #Wabash #Wabash's #Wac #Waco #Wade #Wagner #Wagner's #Wagnerian #Wahhabi #Waikiki #Waite #Waite's #Wake #Wake's  #feedmyfavourites