Experimenting with #Weller's #Welles #Wellington #Wellington's #Wellingtons #Wells #Welsh #Welsh's #Welshman #Welshman's #Welshmen #Wendell #Wendell's #Wendi #Wendi's #Wendy #Wendy's #Wesak #Wesak's #Wesley #Wesley's #Wesleyan #Wesleyan's #Wessex #Wesson  #feedmyfavourites