Experimenting with #Wozniak #Wozniak's #Wozzeck #Wozzeck's #Wrangell #Wrangell's #Wren #Wright #Wrigley #Wrigley's #Wroclaw #Wroclaw's #Wu #Wu's #Wuhan #Wurlitzer #Wurlitzer's #Wyatt #Wycherley #Wycherley's #Wycliffe #Wycliffe's #Wyeth #Wylie #Wylie's #Wynn  #feedmyfavourites