Experimenting with #Yale #Yale's #Yalow #Yalow's #Yalta #Yalta's #Yalu #Yalu's #Yamagata #Yamagata's #Yamaha #Yamaha's #Yamoussoukro #Yang #Yangon #Yangon's #Yangtze #Yangtze's #Yank #Yank's #Yankee #Yankee's #Yankees #Yanks #Yaobang #Yaobang's #Yaounde  #feedmyfavourites